	title	link	salary_minimal	salary_maximal	normal_salary	source
0	Python developer	https://orenburg.hh.ru/vacancy/48331830				hh.ru
1	Разработчик Python	https://orenburg.hh.ru/vacancy/51801847				hh.ru
2	Backend разработчик Python (Middle/Senior)	https://orenburg.hh.ru/vacancy/51843770	500.0	1500.0	USD	hh.ru
3	Backend Python Developer	https://orenburg.hh.ru/vacancy/51262245				hh.ru
4	Data engineer (аналитик данных)	https://orenburg.hh.ru/vacancy/50710446				hh.ru
5	Cтажёр-разработчик автоматизированных тестов	https://orenburg.hh.ru/vacancy/51721151				hh.ru
6	Аналитик данных	https://orenburg.hh.ru/vacancy/49548884				hh.ru
7	Data Scientist (команда Поиска)	https://orenburg.hh.ru/vacancy/46048820				hh.ru
8	Аналитик направления цифрового маркетинга (BI\SQL\Python)	https://orenburg.hh.ru/vacancy/49881796	170000.0	210000.0	руб.	hh.ru
9	Data Scientist	https://orenburg.hh.ru/vacancy/50584852				hh.ru
10	Data Engineer	https://orenburg.hh.ru/vacancy/51247666				hh.ru
11	Data Scientist	https://orenburg.hh.ru/vacancy/50699017				hh.ru
12	Data - инженер	https://orenburg.hh.ru/vacancy/48927705				hh.ru
13	Data Scientist в Отдел Аудита Розничного Бизнеса	https://orenburg.hh.ru/vacancy/51036434				hh.ru
14	Аналитик данных	https://orenburg.hh.ru/vacancy/46241509				hh.ru
15	Ведущий аналитик данных / Senior data analyst	https://orenburg.hh.ru/vacancy/51711011				hh.ru
16	Разработчик отчетности/Аналитик данных	https://orenburg.hh.ru/vacancy/48328351				hh.ru
17	Data Engineer в Отдел развития и поддержки	https://orenburg.hh.ru/vacancy/50605855				hh.ru
18	Founding Data scientist / Machine Learning Engineer	https://orenburg.hh.ru/vacancy/51448522		500000.0	руб.	hh.ru
19	Python Developer	https://orenburg.hh.ru/vacancy/51503056				hh.ru
20	Data Scientist	https://orenburg.hh.ru/vacancy/51774139	1000.0	3000.0	USD	hh.ru
21	Разработчик бэкэнд (Python)	https://orenburg.hh.ru/vacancy/50789689	100000.0	150000.0	руб.	hh.ru
22	Data Scientist	https://orenburg.hh.ru/vacancy/51045137	1000.0	1500.0	EUR	hh.ru
23	Junior Python разработчик	https://orenburg.hh.ru/vacancy/51638670		50000.0	руб.	hh.ru
24	Разработчик Python	https://orenburg.hh.ru/vacancy/49648908		200000.0	руб.	hh.ru
25	Разработчик алгоритмов глубокого машинного обучения (ML; нейронные сети)	https://orenburg.hh.ru/vacancy/51414900	200000.0	300000.0	руб.	hh.ru
26	Разработчик Python (parsing)	https://orenburg.hh.ru/vacancy/50934911		1000.0	EUR	hh.ru
27	Python Developer	https://orenburg.hh.ru/vacancy/50968793	135000.0	187000.0	руб.	hh.ru
28	Python Developer	https://orenburg.hh.ru/vacancy/51279146	120000.0	150000.0	руб.	hh.ru
29	Python Developer с интересом к Machine Learning	https://orenburg.hh.ru/vacancy/51258131				hh.ru
30	Python разработчик	https://orenburg.hh.ru/vacancy/51699580				hh.ru
31	Backend-разработчик (Python)	https://orenburg.hh.ru/vacancy/50841709	400000.0	900000.0	KZT	hh.ru
32	Fullstack Python разработчик	https://orenburg.hh.ru/vacancy/51856073		120000.0	руб.	hh.ru
33	Python - разработчик	https://orenburg.hh.ru/vacancy/50672961				hh.ru
34	Python разработчик (Django)	https://orenburg.hh.ru/vacancy/51205321				hh.ru
35	Разработчик Python	https://orenburg.hh.ru/vacancy/51630444				hh.ru
36	Senior Python developer (python3.8. + django)	https://orenburg.hh.ru/vacancy/51093436	250000.0	300000.0	руб.	hh.ru
37	Junior аналитик данных	https://orenburg.hh.ru/vacancy/50755681	70000.0	70000.0	руб.	hh.ru
38	Middle Python Backend Developer/ ML Разработчик	https://orenburg.hh.ru/vacancy/51034764		150000.0	руб.	hh.ru
39	Python (Django) Backend developer	https://orenburg.hh.ru/vacancy/49139962		270000.0	руб.	hh.ru
40	Python разработчик (удаленно)	https://orenburg.hh.ru/vacancy/51808577	100000.0	120000.0	руб.	hh.ru
41	Python разработчик (QA)	https://orenburg.hh.ru/vacancy/50995571	70000.0	150000.0	руб.	hh.ru
42	Python Linux developer (remote)	https://orenburg.hh.ru/vacancy/50895660		4000.0	USD	hh.ru
43	Разработчик Python	https://orenburg.hh.ru/vacancy/51805537				hh.ru
44	Аналитик (SQL; Phython)	https://orenburg.hh.ru/vacancy/50872496				hh.ru
45	Младший инженер / Junior QA Automation Engineer (Powershell; Python)	https://orenburg.hh.ru/vacancy/44868124	80000.0	120000.0	руб.	hh.ru
46	Аналитик данных / Data Analyst	https://orenburg.hh.ru/vacancy/51768885		220000.0	руб.	hh.ru
47	Python developer (computer vision backend)	https://orenburg.hh.ru/vacancy/49342079	170000.0	250000.0	руб.	hh.ru
48	Data Analyst	https://orenburg.hh.ru/vacancy/51635508	3500.0	4500.0	EUR	hh.ru
49	Аналитик в IT старт-ап	https://orenburg.hh.ru/vacancy/50738365	120000.0	140000.0	руб.	hh.ru
50	Python Developer (Platform)	https://orenburg.hh.ru/vacancy/51805415				hh.ru
51	Python разработчик	https://orenburg.hh.ru/vacancy/51643257				hh.ru
52	Machine Learning Developer (junior)	https://orenburg.hh.ru/vacancy/51472434				hh.ru
53	Python программист-разработчик	https://orenburg.hh.ru/vacancy/51482724		100000.0	руб.	hh.ru
54	Стажер-разработчик С++	https://orenburg.hh.ru/vacancy/50724529				hh.ru
55	Backend разработчик Python; Flask (Middle+; Удалённо)	https://orenburg.hh.ru/vacancy/50885320	160000.0	250000.0	руб.	hh.ru
56	Программист Python	https://orenburg.hh.ru/vacancy/49488972	50000.0	200000.0	руб.	hh.ru
57	Data Analyst	https://orenburg.hh.ru/vacancy/51635507	3500.0	4500.0	EUR	hh.ru
58	Python-разработчик	https://orenburg.hh.ru/vacancy/51641145	120000.0	150000.0	руб.	hh.ru
59	Junior/Middle Python Developer	https://orenburg.hh.ru/vacancy/51810041				hh.ru
60	Python разработчик (Back-end)	https://orenburg.hh.ru/vacancy/51631948				hh.ru
61	Программист Python	https://orenburg.hh.ru/vacancy/47182741		140000.0	руб.	hh.ru
62	Data Scientist (Junior+/Middle)	https://orenburg.hh.ru/vacancy/48276964				hh.ru
63	Python developer	https://orenburg.hh.ru/vacancy/51815388	2200.0	4200.0	USD	hh.ru
64	Разработчик Python	https://orenburg.hh.ru/vacancy/50610368				hh.ru
65	Junior DevOps Engineer(стажёр)	https://orenburg.hh.ru/vacancy/51645719				hh.ru
66	Python developer (Intern)	https://orenburg.hh.ru/vacancy/50810966				hh.ru
67	DevOps специалист (стажер)	https://orenburg.hh.ru/vacancy/51089755				hh.ru
68	Middle Python developer (в Сочи)	https://orenburg.hh.ru/vacancy/42601947		150000.0	руб.	hh.ru
69	Python разработчик (СберЧат)	https://orenburg.hh.ru/vacancy/51656449				hh.ru
70	Аналитик данных (Data science)	https://orenburg.hh.ru/vacancy/51703352				hh.ru
71	Тестировщик (стажер)	https://orenburg.hh.ru/vacancy/51683067				hh.ru
72	Middle C++ and Python Developer	https://orenburg.hh.ru/vacancy/50560990		220000.0	руб.	hh.ru
73	Разработчик Python	https://orenburg.hh.ru/vacancy/51630412				hh.ru
74	Разработчик Python	https://orenburg.hh.ru/vacancy/50991071				hh.ru
75	Junior Backend разработчик (Python; Django; GraphQL)	https://orenburg.hh.ru/vacancy/51782920	30000.0	50000.0	руб.	hh.ru
76	Разработчик Python	https://orenburg.hh.ru/vacancy/51630433				hh.ru
77	Data Scientist	https://orenburg.hh.ru/vacancy/51368461		5000.0	USD	hh.ru
78	Data Analyst	https://orenburg.hh.ru/vacancy/50630340				hh.ru
79	Full-Stack Python Developer	https://orenburg.hh.ru/vacancy/51809964	5000.0	8000.0	USD	hh.ru
80	Python Developer/Инженер по разработке коробочных решений	https://orenburg.hh.ru/vacancy/49976765	150000.0	250000.0	руб.	hh.ru
81	Data Scientist	https://orenburg.hh.ru/vacancy/51774120	1000.0	3000.0	USD	hh.ru
82	Data Engineer	https://orenburg.hh.ru/vacancy/51195699		210000.0	руб.	hh.ru
83	Backend Python разработчик	https://orenburg.hh.ru/vacancy/49785272				hh.ru
84	Data Scientist	https://orenburg.hh.ru/vacancy/49423067		300000.0	руб.	hh.ru
85	Middle/Senior Backend Разработчик (Python/Django/Flask)	https://orenburg.hh.ru/vacancy/51841444	180000.0	250000.0	руб.	hh.ru
86	Разработчик Python (Middle/Senior)	https://orenburg.hh.ru/vacancy/44936197	120000.0	200000.0	руб.	hh.ru
87	Python (FastApi) Backend developer	https://orenburg.hh.ru/vacancy/51504482		270000.0	руб.	hh.ru
88	Junior Data Scientist (стажер)	https://orenburg.hh.ru/vacancy/50751186				hh.ru
89	Python developer	https://orenburg.hh.ru/vacancy/50860402				hh.ru
90	Программист Python	https://orenburg.hh.ru/vacancy/51811222				hh.ru
91	Data Scientist; Поиск	https://orenburg.hh.ru/vacancy/51804231				hh.ru
92	Data Scientist	https://orenburg.hh.ru/vacancy/51774166	1000.0	3000.0	USD	hh.ru
93	Back-end python программист (удаленно)	https://orenburg.hh.ru/vacancy/45987039		200000.0	руб.	hh.ru
94	Технический директор со знанием Python / CTO (Python)	https://orenburg.hh.ru/vacancy/50795454				hh.ru
95	Python developer	https://orenburg.hh.ru/vacancy/51794406				hh.ru
96	Стажер Data Engineer	https://orenburg.hh.ru/vacancy/51799722				hh.ru
97	ML Engineer	https://orenburg.hh.ru/vacancy/50938985	200000.0	300000.0	руб.	hh.ru
98	Python разработчик	https://orenburg.hh.ru/vacancy/51500885				hh.ru
99	Data Scientist	https://orenburg.hh.ru/vacancy/51774141	1000.0	3000.0	USD	hh.ru
100	Computer Vision Engineer (удаленно)	https://orenburg.hh.ru/vacancy/49956386	140000.0	170000.0	руб.	hh.ru
101	Backend Developer (Python; Django)	https://orenburg.hh.ru/vacancy/50956871	3000.0	4000.0	USD	hh.ru
102	Программист-разработчик	https://orenburg.hh.ru/vacancy/51824520	80000.0	90000.0	руб.	hh.ru
103	Middle Python разработчик	https://orenburg.hh.ru/vacancy/51259683		180000.0	руб.	hh.ru
104	Программист Python	https://orenburg.hh.ru/vacancy/51244879	40000.0	60000.0	руб.	hh.ru
105	Senior Developer (pyhton; django)	https://orenburg.hh.ru/vacancy/51523062		4000.0	USD	hh.ru
106	Data analyst / Дата аналитик	https://orenburg.hh.ru/vacancy/51113216		270000.0	руб.	hh.ru
107	Python - разработчик	https://orenburg.hh.ru/vacancy/51717670				hh.ru
108	Аналитик-стажер	https://orenburg.hh.ru/vacancy/51852702		20000.0	руб.	hh.ru
109	Стажер по направлению DevOps	https://orenburg.hh.ru/vacancy/50715789				hh.ru
110	Fullstack Python Developer – Python; Django; Tornado; Keras; TensorFlow	https://orenburg.hh.ru/vacancy/50585913	2200.0	2800.0	USD	hh.ru
111	Python разработчик	https://orenburg.hh.ru/vacancy/50615518		180000.0	руб.	hh.ru
112	Программист Python	https://orenburg.hh.ru/vacancy/51852216				hh.ru
113	Middle Python developer	https://orenburg.hh.ru/vacancy/50974084				hh.ru
114	Data Scientist (направление промышленной разработки библиотеки)	https://orenburg.hh.ru/vacancy/51640899				hh.ru
115	Data Scientist	https://orenburg.hh.ru/vacancy/51774122	1000.0	3000.0	USD	hh.ru
116	Тестировщик (стажер)	https://orenburg.hh.ru/vacancy/51682641				hh.ru
117	Разработчик Python	https://orenburg.hh.ru/vacancy/51001874				hh.ru
118	Разработчик Python	https://orenburg.hh.ru/vacancy/51787667				hh.ru
119	Senior Python Developer (remote) / Старший python-разработчик (удаленно)	https://orenburg.hh.ru/vacancy/50918669		220000.0	руб.	hh.ru
120	Python Back-end Developer	https://orenburg.hh.ru/vacancy/51842577	150000.0	250000.0	руб.	hh.ru
121	Сетевой инженер - разработчик Python	https://orenburg.hh.ru/vacancy/51764974	60000.0	80000.0	руб.	hh.ru
122	Senior Machine Learning Engineer	https://orenburg.hh.ru/vacancy/50604098	300000.0	400000.0	руб.	hh.ru
123	Python developer Middle (Python разработчик)	https://orenburg.hh.ru/vacancy/51708991				hh.ru
124	Data Scientist	https://orenburg.hh.ru/vacancy/51774161	1000.0	3000.0	USD	hh.ru
125	Senior Python Developer (remote) / Старший python-разработчик (удаленно)	https://orenburg.hh.ru/vacancy/50918673		220000.0	руб.	hh.ru
126	Python разработчик	https://orenburg.hh.ru/vacancy/51347062				hh.ru
127	Product/Data Analyst (Junior)	https://orenburg.hh.ru/vacancy/51710404		1000.0	USD	hh.ru
128	Backend разработчик Python	https://orenburg.hh.ru/vacancy/50955279				hh.ru
129	Python backend developer (Blockchain Developer)	https://orenburg.hh.ru/vacancy/50862001		100000.0	руб.	hh.ru
130	Senior Python Developer (remote) / Старший python-разработчик (удаленно)	https://orenburg.hh.ru/vacancy/50918675		220000.0	руб.	hh.ru
131	ML research engineer	https://orenburg.hh.ru/vacancy/51705176		150000.0	руб.	hh.ru
132	Python разработчик	https://orenburg.hh.ru/vacancy/48934640				hh.ru
133	Python developer (Ростелеком Ключ)	https://orenburg.hh.ru/vacancy/51787069				hh.ru
134	Python developer	https://orenburg.hh.ru/vacancy/51848345				hh.ru
135	Python Developer (senior/middle+)	https://orenburg.hh.ru/vacancy/50589215		350000.0	руб.	hh.ru
136	Разработчик Python Middle	https://orenburg.hh.ru/vacancy/51803987		150000.0	руб.	hh.ru
137	Data Scientist	https://orenburg.hh.ru/vacancy/51808966	120000.0	160000.0	руб.	hh.ru
138	Инженер машинного обучения / ML Engineer	https://orenburg.hh.ru/vacancy/49342464		2500.0	EUR	hh.ru
139	Преподаватель курса Python/Django	https://orenburg.hh.ru/vacancy/51643493	55000.0	70000.0	грн.	hh.ru
140	Data-инженер (DWH) / Разработчик SQL + Python	https://orenburg.hh.ru/vacancy/49781234				hh.ru
141	Python разработчик	https://orenburg.hh.ru/vacancy/50945933				hh.ru
142	Программист Python (удаленно)	https://orenburg.hh.ru/vacancy/45864751				hh.ru
143	Аналитик Data science (junior)	https://orenburg.hh.ru/vacancy/51653154	40000.0	60000.0	руб.	hh.ru
144	Senior Python / Django Developer	https://orenburg.hh.ru/vacancy/49713776		250000.0	руб.	hh.ru
145	Python developer	https://orenburg.hh.ru/vacancy/50278398				hh.ru
146	Тестировщик ПО	https://orenburg.hh.ru/vacancy/51724752		100000.0	руб.	hh.ru
147	Python Developer	https://orenburg.hh.ru/vacancy/50889367				hh.ru
148	Python Developer	https://orenburg.hh.ru/vacancy/50764308				hh.ru
149	Data Scientist	https://orenburg.hh.ru/vacancy/51774138	1000.0	3000.0	USD	hh.ru
150	Программист Python	https://orenburg.hh.ru/vacancy/46908066		150000.0	руб.	hh.ru
151	Junior Product Analyst / Младший аналитик	https://orenburg.hh.ru/vacancy/51191785	40000.0	60000.0	руб.	hh.ru
152	Python Developer	https://orenburg.hh.ru/vacancy/51653035				hh.ru
153	Специалист Computer Vision (Senior Data Scientist)	https://orenburg.hh.ru/vacancy/51251283	250000.0	350000.0	руб.	hh.ru
154	Backend Developer (Python; Django)	https://orenburg.hh.ru/vacancy/50956873	3000.0	4000.0	USD	hh.ru
155	Junior QA Auto with Python	https://orenburg.hh.ru/vacancy/51718292				hh.ru
156	Тестировщик (стажер)	https://orenburg.hh.ru/vacancy/51682641				hh.ru
157	Blockchain Engineer Solidity	https://orenburg.hh.ru/vacancy/51741118	6000.0	14000.0	USD	hh.ru
158	Программист Python (Middle)	https://orenburg.hh.ru/vacancy/50984438	150000.0	200000.0	руб.	hh.ru
159	Python developer	https://orenburg.hh.ru/vacancy/51712789				hh.ru
160	Data Scientist	https://orenburg.hh.ru/vacancy/51774131	1000.0	3000.0	USD	hh.ru
161	Специалист по автоматическому тестированию - QA (Python)	https://orenburg.hh.ru/vacancy/51036578	150000.0	300000.0	руб.	hh.ru
162	Python-разработчик в Цифровые поверхности Салют (Речевая аналитика)	https://orenburg.hh.ru/vacancy/49076234				hh.ru
163	Data Scientist (Computer Vision)	https://orenburg.hh.ru/vacancy/51630792				hh.ru
164	Разработчик Python	https://orenburg.hh.ru/vacancy/47731802				hh.ru
165	Middle Python разработчик (удаленно)	https://orenburg.hh.ru/vacancy/49706622		150000.0	руб.	hh.ru
166	Middle Backend Developer (Python)	https://orenburg.hh.ru/vacancy/51693213	150000.0	200000.0	руб.	hh.ru
167	Data Engineer	https://orenburg.hh.ru/vacancy/51809957		600000.0	KZT	hh.ru
168	Python/C++ разработчик (Бенчмарк инжиниринг)	https://orenburg.hh.ru/vacancy/50687285	100000.0	150000.0	руб.	hh.ru
169	Python Developer	https://orenburg.hh.ru/vacancy/51059486				hh.ru
170	Python-разработчик (Поиск)	https://orenburg.hh.ru/vacancy/51654727				hh.ru
171	Senior Python Developer (remote) / Старший python-разработчик (удаленно)	https://orenburg.hh.ru/vacancy/50918664		220000.0	руб.	hh.ru
172	Senior Python Developer (remote) / Старший python-разработчик (удаленно)	https://orenburg.hh.ru/vacancy/50918678		220000.0	руб.	hh.ru
173	Data Engineer	https://orenburg.hh.ru/vacancy/50717062	200000.0	350000.0	руб.	hh.ru
174	Senior Python Developer (remote) / Старший python-разработчик (удаленно)	https://orenburg.hh.ru/vacancy/50918688		220000.0	руб.	hh.ru
175	Python-разработчик	https://orenburg.hh.ru/vacancy/51728535	120000.0	150000.0	руб.	hh.ru
176	Web-разработчик (Python)	https://orenburg.hh.ru/vacancy/45814971				hh.ru
177	Data Scientist	https://orenburg.hh.ru/vacancy/51774150	1000.0	3000.0	USD	hh.ru
178	Remote Python and C++ Developer	https://orenburg.hh.ru/vacancy/51808421				hh.ru
179	Senior ML Researcher	https://orenburg.hh.ru/vacancy/49383447		420000.0	руб.	hh.ru
180	Python developer	https://orenburg.hh.ru/vacancy/48322827				hh.ru
181	Data Scientist	https://orenburg.hh.ru/vacancy/50638799				hh.ru
182	Python Developer (AI Projects)	https://orenburg.hh.ru/vacancy/50357797				hh.ru
183	Pyth‎on Developer	https://orenburg.hh.ru/vacancy/51410388				hh.ru
184	Python Developer	https://orenburg.hh.ru/vacancy/51653036				hh.ru
185	Python Backend Developer	https://orenburg.hh.ru/vacancy/48486746				hh.ru
186	Python разработчик (Django)	https://orenburg.hh.ru/vacancy/51171210				hh.ru
187	Python разработчик	https://orenburg.hh.ru/vacancy/49104282		300000.0	руб.	hh.ru
188	Python-разработчик	https://orenburg.hh.ru/vacancy/51855274				hh.ru
189	Quantitative Analyst / Data scientist	https://orenburg.hh.ru/vacancy/50536073		4000.0	EUR	hh.ru
190	Backend-разработчик (Python / Django)	https://orenburg.hh.ru/vacancy/51123359				hh.ru
191	Python разработчик	https://orenburg.hh.ru/vacancy/48934640				hh.ru
192	Junior Data Engineer	https://orenburg.hh.ru/vacancy/49514879				hh.ru
193	Инженер-программист (Python)	https://orenburg.hh.ru/vacancy/51848142				hh.ru
194	Инженер по автоматизации тестирования Python; Логистика/Сортировка	https://orenburg.hh.ru/vacancy/51785731				hh.ru
195	Python Developer	https://orenburg.hh.ru/vacancy/50852364				hh.ru
196	Python / DS-ML разработчик	https://orenburg.hh.ru/vacancy/51599391				hh.ru
197	Intern Python Software Engineer; PowerStore; Networking	https://orenburg.hh.ru/vacancy/50187659				hh.ru
198	Python developer	https://orenburg.hh.ru/vacancy/44270356				hh.ru
199	Python developer (Flask/Tornado)	https://orenburg.hh.ru/vacancy/49190640				hh.ru
200	Программист Python	https://orenburg.hh.ru/vacancy/46908066		150000.0	руб.	hh.ru
201	Senior Python Developer (remote) / Старший python-разработчик (удаленно)	https://orenburg.hh.ru/vacancy/50918671		220000.0	руб.	hh.ru
202	Data Scientist	https://orenburg.hh.ru/vacancy/48969689				hh.ru
203	Python TeamLead	https://orenburg.hh.ru/vacancy/50669873	100000.0	200000.0	руб.	hh.ru
204	QA Manual / Тестировщик ПО	https://orenburg.hh.ru/vacancy/51647409		30000.0	руб.	hh.ru
205	Python Web Developer (full stack)	https://orenburg.hh.ru/vacancy/49150518				hh.ru
206	Аналитик Python (senior)	https://orenburg.hh.ru/vacancy/48877390				hh.ru
207	Python Developer (Backend)	https://orenburg.hh.ru/vacancy/48361239				hh.ru
208	Middle python-разработчик	https://orenburg.hh.ru/vacancy/50586452		150000.0	руб.	hh.ru
209	Python-разработчик в тестировании	https://orenburg.hh.ru/vacancy/50956878				hh.ru
210	Data Scientist в команду Navi	https://orenburg.hh.ru/vacancy/51082649				hh.ru
211	Python разработчик	https://orenburg.hh.ru/vacancy/50749151				hh.ru
212	Machine Learning Engineer (Remote)	https://orenburg.hh.ru/vacancy/51388600	200000.0	390000.0	руб.	hh.ru
213	Senior Python Developer (remote) / Старший python-разработчик (удаленно)	https://orenburg.hh.ru/vacancy/50918672		220000.0	руб.	hh.ru
214	Python TeamLead / Senior Python Developer	https://orenburg.hh.ru/vacancy/51042960		200000.0	руб.	hh.ru
215	Data Scientist	https://orenburg.hh.ru/vacancy/51774132	1000.0	3000.0	USD	hh.ru
216	Python developer (Автографик)	https://orenburg.hh.ru/vacancy/47431643				hh.ru
217	Продуктовый аналитик/Senior product analyst	https://orenburg.hh.ru/vacancy/50453970	200000.0	350000.0	руб.	hh.ru
218	Разработчик автотестов (Golang/Python)	https://orenburg.hh.ru/vacancy/51096887		170000.0	руб.	hh.ru
219	Python разработчик в команду разработки инструментов для анализа данных	https://orenburg.hh.ru/vacancy/49926427				hh.ru
220	Разработчик BI/ Data Engineering	https://orenburg.hh.ru/vacancy/51837366				hh.ru
221	Тестировщик ПО	https://orenburg.hh.ru/vacancy/51724752		100000.0	руб.	hh.ru
222	Senior Python Developer (remote) / Старший python-разработчик (удаленно)	https://orenburg.hh.ru/vacancy/50918687		220000.0	руб.	hh.ru
223	Junior/Middle QA Automation Engineer (Python)	https://orenburg.hh.ru/vacancy/49766819				hh.ru
224	Data Scientist	https://orenburg.hh.ru/vacancy/51774153	1000.0	3000.0	USD	hh.ru
225	Back-end разработчик (Python)	https://orenburg.hh.ru/vacancy/43325863				hh.ru
226	Разработчик Python (Middle+)	https://orenburg.hh.ru/vacancy/51583453	120000.0	180000.0	руб.	hh.ru
227	Senior Machine Learning Developer (Java/Python)	https://orenburg.hh.ru/vacancy/43770378		300000.0	руб.	hh.ru
228	Senior Python Developer (remote) / Старший python-разработчик (удаленно)	https://orenburg.hh.ru/vacancy/50918679		220000.0	руб.	hh.ru
229	Стажер IT (нагрузочное тестирование)	https://orenburg.hh.ru/vacancy/49688380	50000.0	55000.0	руб.	hh.ru
230	Senior Python Developer (remote) / Старший python-разработчик (удаленно)	https://orenburg.hh.ru/vacancy/50918682		220000.0	руб.	hh.ru
231	Python – разработчик	https://orenburg.hh.ru/vacancy/50859243				hh.ru
232	Junior Data-аналитик / Аналитик данных / Data Analyst	https://orenburg.hh.ru/vacancy/50410081				hh.ru
233	Data engineer (Python Hadoop Spark)	https://orenburg.hh.ru/vacancy/51637322				hh.ru
234	Python developer (Middle / Senior)	https://orenburg.hh.ru/vacancy/50674864	200000.0	350000.0	руб.	hh.ru
235	Разработчик (Python/C++)	https://orenburg.hh.ru/vacancy/51724800				hh.ru
236	Data Engineer (Python)	https://orenburg.hh.ru/vacancy/51715758				hh.ru
237	Python-разработчик	https://orenburg.hh.ru/vacancy/51853990				hh.ru
238	Middle Backend/Python	https://orenburg.hh.ru/vacancy/51696362				hh.ru
239	Программирующий математик	https://orenburg.hh.ru/vacancy/51109778				hh.ru
240	Data Scientist	https://orenburg.hh.ru/vacancy/51774158	1000.0	3000.0	USD	hh.ru
241	Data Scientist	https://orenburg.hh.ru/vacancy/51774149	1000.0	3000.0	USD	hh.ru
242	Разработчик Python (ML)	https://orenburg.hh.ru/vacancy/51768742				hh.ru
243	Программист Python + Go	https://orenburg.hh.ru/vacancy/51599419				hh.ru
244	C++ разработчик	https://orenburg.hh.ru/vacancy/50611060	180000.0	250000.0	руб.	hh.ru
245	Python-разработчик	https://orenburg.hh.ru/vacancy/49518455				hh.ru
246	Data Scientist	https://orenburg.hh.ru/vacancy/51774146	1000.0	3000.0	USD	hh.ru
247	Full-stack Flask/Python/Vue.js Разработчик (удаленно)	https://orenburg.hh.ru/vacancy/51262232	200000.0	300000.0	руб.	hh.ru
248	Backend разработчик Python	https://orenburg.hh.ru/vacancy/51726789				hh.ru
249	Программист-разработчик Python	https://orenburg.hh.ru/vacancy/50760060				hh.ru
250	Python Developer	https://orenburg.hh.ru/vacancy/51653035				hh.ru
251	Преподаватель программирования для детей (удаленно)	https://orenburg.hh.ru/vacancy/50596547	30000.0	60000.0	руб.	hh.ru
252	Product/Data Analyst (Junior)	https://orenburg.hh.ru/vacancy/51710410		1000.0	USD	hh.ru
253	Python Developer Middle/Senior	https://orenburg.hh.ru/vacancy/51771696	140000.0	220000.0	руб.	hh.ru
254	Программист Python	https://orenburg.hh.ru/vacancy/50711082				hh.ru
255	Middle Python developer	https://orenburg.hh.ru/vacancy/50967638	90000.0	160000.0	руб.	hh.ru
256	Python разработчик	https://orenburg.hh.ru/vacancy/50762432				hh.ru
257	Intern Python Software Engineer; PowerStore; Networking	https://orenburg.hh.ru/vacancy/50187659				hh.ru
258	Стажер-разработчик .NET	https://orenburg.hh.ru/vacancy/51848288				hh.ru
259	Разработчик Python (middle+)	https://orenburg.hh.ru/vacancy/51705316				hh.ru
260	Аналитик данных ритейла (SQL; Python)	https://orenburg.hh.ru/vacancy/50828235				hh.ru
261	BI-аналитик (Middle)	https://orenburg.hh.ru/vacancy/51695241		90000.0	руб.	hh.ru
262	Разработчик DWH (Airflow + Python)	https://orenburg.hh.ru/vacancy/51849191				hh.ru
263	Python developer (Django)	https://orenburg.hh.ru/vacancy/51742061				hh.ru
264	Data Scientist	https://orenburg.hh.ru/vacancy/51774143	1000.0	3000.0	USD	hh.ru
265	Data Scientist	https://orenburg.hh.ru/vacancy/51774147	1000.0	3000.0	USD	hh.ru
266	Python Developer (BestEx team)	https://orenburg.hh.ru/vacancy/50674752	175000.0	300000.0	руб.	hh.ru
267	Middle Python-разработчик	https://orenburg.hh.ru/vacancy/50770638				hh.ru
268	Big Data Engineer; Ozon Express	https://orenburg.hh.ru/vacancy/50655160				hh.ru
269	Python Developer for a Swiss AI Startup (remote)	https://orenburg.hh.ru/vacancy/51716379	3000.0	5500.0	USD	hh.ru
270	Python/Django developer (middle)	https://orenburg.hh.ru/vacancy/51537066	200000.0	250000.0	руб.	hh.ru
271	Аналитик Data Science (middle)	https://orenburg.hh.ru/vacancy/51653572	100000.0	160000.0	руб.	hh.ru
272	Data Engineer/ Инженер данных	https://orenburg.hh.ru/vacancy/46445690		170000.0	руб.	hh.ru
273	Python разработчик	https://orenburg.hh.ru/vacancy/50439069				hh.ru
274	Разработчик BI; Ozon Travel	https://orenburg.hh.ru/vacancy/46913871				hh.ru
275	Backend engineer	https://orenburg.hh.ru/vacancy/50851170	200000.0	300000.0	руб.	hh.ru
276	Data Scientist	https://orenburg.hh.ru/vacancy/51774140	1000.0	3000.0	USD	hh.ru
277	Data scientist/analyst	https://orenburg.hh.ru/vacancy/51615453				hh.ru
278	Data Engineer	https://orenburg.hh.ru/vacancy/51348154		200000.0	руб.	hh.ru
279	Инженер-программист	https://orenburg.hh.ru/vacancy/51708311		120000.0	руб.	hh.ru
280	Backend middle developer	https://orenburg.hh.ru/vacancy/50643425	200000.0	250000.0	руб.	hh.ru
281	Data engineer / SQL-разработчик	https://orenburg.hh.ru/vacancy/45266641	150000.0	175000.0	руб.	hh.ru
282	Data-инженер (DWH) / Разработчик SQL + Python	https://orenburg.hh.ru/vacancy/49781234				hh.ru
283	Middle ML / Data Science разработчик	https://orenburg.hh.ru/vacancy/50586293		180000.0	руб.	hh.ru
284	Team Lead/Ведущий разработчик (разработка и анализ данных)	https://orenburg.hh.ru/vacancy/50712025	180000.0	300000.0	руб.	hh.ru
285	Product/Data Analyst (Junior)	https://orenburg.hh.ru/vacancy/51710406		1000.0	USD	hh.ru
286	Python разработчик ML - инфраструктуры в СберМаркет	https://orenburg.hh.ru/vacancy/50884036				hh.ru
287	Java-разработчик	https://orenburg.hh.ru/vacancy/51817225				hh.ru
288	Python Developer (Big Data)	https://orenburg.hh.ru/vacancy/50051829				hh.ru
289	С/С++/Python Developer	https://orenburg.hh.ru/vacancy/48022036				hh.ru
290	Специалист по автотестированию (Python)	https://orenburg.hh.ru/vacancy/49748711				hh.ru
291	Инженер по автоматизации тестирования Python; Логистика/Сортировка	https://orenburg.hh.ru/vacancy/51785732				hh.ru
292	DevOps Engineer with AWS (Удаленно)	https://orenburg.hh.ru/vacancy/50703431		4000.0	USD	hh.ru
293	Специалист группы разработки Python	https://orenburg.hh.ru/vacancy/51652872				hh.ru
294	Программист-разработчик (Backend)	https://orenburg.hh.ru/vacancy/51036432				hh.ru
295	Junior С++ Developer; Windows (Client/Server)	https://orenburg.hh.ru/vacancy/50200913				hh.ru
296	Ведущий Data Scientist / RNA Lead	https://orenburg.hh.ru/vacancy/46213657		380000.0	руб.	hh.ru
297	Программист-разработчик	https://orenburg.hh.ru/vacancy/51425378		100000.0	руб.	hh.ru
298	Python разработчик (CRM Domclick)	https://orenburg.hh.ru/vacancy/47433937				hh.ru
299	Стажер по направлению DevOps	https://orenburg.hh.ru/vacancy/50727702				hh.ru
300	Python developer (Cybersecurity)	https://orenburg.hh.ru/vacancy/46660207				hh.ru
301	"Python developer (преподаватель курсов ""Программирование на Python"")"	https://orenburg.hh.ru/vacancy/51786545				hh.ru
302	Data Engineer	https://orenburg.hh.ru/vacancy/51733163		200000.0	руб.	hh.ru
303	Python Developer (AI Projects)	https://orenburg.hh.ru/vacancy/50357797				hh.ru
304	Automation QA Engineer (Python)	https://orenburg.hh.ru/vacancy/50866801				hh.ru
305	QA Automation Engineer	https://orenburg.hh.ru/vacancy/49920829	160000.0	280000.0	руб.	hh.ru
306	Python Developer	https://orenburg.hh.ru/vacancy/45607105				hh.ru
307	Python developer	https://orenburg.hh.ru/vacancy/50278398				hh.ru
308	Software Engineer	https://orenburg.hh.ru/vacancy/51179621	250000.0	350000.0	руб.	hh.ru
309	Инженер AppSec / Devsecops	https://orenburg.hh.ru/vacancy/50697092		180000.0	руб.	hh.ru
310	Python / Django senior developer	https://orenburg.hh.ru/vacancy/51101637		100000.0	руб.	hh.ru
311	Python developer trainee	https://orenburg.hh.ru/vacancy/51494568				hh.ru
312	ML research engineer	https://orenburg.hh.ru/vacancy/51705173		150000.0	руб.	hh.ru
313	Backend Python разработчик	https://orenburg.hh.ru/vacancy/50713630				hh.ru
314	Разработчик-стажер (Linux; C)	https://orenburg.hh.ru/vacancy/49646765				hh.ru
315	Middle программист Python (информационная безопасность)	https://orenburg.hh.ru/vacancy/51798847				hh.ru
316	Ведущий разработчик/Программист Python (Remote)	https://orenburg.hh.ru/vacancy/49532095		260000.0	руб.	hh.ru
317	Программист С++	https://orenburg.hh.ru/vacancy/51414901	120000.0	150000.0	руб.	hh.ru
318	Backend разработчик (Python)	https://orenburg.hh.ru/vacancy/49957600				hh.ru
319	Data Scientist; Поиск	https://orenburg.hh.ru/vacancy/51804182				hh.ru
320	Data Science аналитик	https://orenburg.hh.ru/vacancy/50608898				hh.ru
321	DevOps инженер	https://orenburg.hh.ru/vacancy/51021778	200000.0	380000.0	руб.	hh.ru
322	Python-разработчик (All Cups)	https://orenburg.hh.ru/vacancy/51504673				hh.ru
323	Data Scientist	https://orenburg.hh.ru/vacancy/51774157	1000.0	3000.0	USD	hh.ru
324	Python developer (Quantitative analysis team)	https://orenburg.hh.ru/vacancy/48571707				hh.ru
325	Python developer	https://orenburg.hh.ru/vacancy/51402537		400000.0	руб.	hh.ru
326	Data engineer в Data accelerator	https://orenburg.hh.ru/vacancy/51011570				hh.ru
327	Ведущий Data Scientist / RNA Lead	https://orenburg.hh.ru/vacancy/46213657		380000.0	руб.	hh.ru
328	Python Developer	https://orenburg.hh.ru/vacancy/49519307	120000.0	160000.0	руб.	hh.ru
329	Python developer (Middle / Senior)	https://orenburg.hh.ru/vacancy/44828907	200000.0	350000.0	руб.	hh.ru
330	Senior Python Developer	https://orenburg.hh.ru/vacancy/51258827				hh.ru
331	Аналитик второй линии поддержки	https://orenburg.hh.ru/vacancy/50968960		65000.0	руб.	hh.ru
332	Data Engineer в команду Развития и Поддержки	https://orenburg.hh.ru/vacancy/51844379				hh.ru
333	Инженер SQL	https://orenburg.hh.ru/vacancy/51636351				hh.ru
334	DevOps инженер (ISearch)	https://orenburg.hh.ru/vacancy/50890199	200000.0	300000.0	руб.	hh.ru
335	Инженер-разработчик (программист Python)	https://orenburg.hh.ru/vacancy/46447886				hh.ru
336	Data Science / Machine Learning Engineer	https://orenburg.hh.ru/vacancy/51440323				hh.ru
337	Программист Фуллстек	https://orenburg.hh.ru/vacancy/51739233		3500.0	USD	hh.ru
338	Senior Python Developer (reporting/analytics engine)	https://orenburg.hh.ru/vacancy/51851785				hh.ru
339	Python/Go-разработчик (команда PaaS (Runtime))	https://orenburg.hh.ru/vacancy/48800625				hh.ru
340	Python Back-end developer	https://orenburg.hh.ru/vacancy/51092916				hh.ru
341	Team Lead Python	https://orenburg.hh.ru/vacancy/46598477				hh.ru
342	Middle Python Developer	https://orenburg.hh.ru/vacancy/50894235				hh.ru
343	Инженер данных/Data Engineer	https://orenburg.hh.ru/vacancy/51044643		170000.0	руб.	hh.ru
344	QA Automation Engineer (API; Python)	https://orenburg.hh.ru/vacancy/50854796				hh.ru
345	Backend (Python) разработчик в Трипстер	https://orenburg.hh.ru/vacancy/51468683				hh.ru
346	Intern QA Automation (Telco)	https://orenburg.hh.ru/vacancy/51721268		55000.0	руб.	hh.ru
347	Стажер Java (нагрузочное тестирование)	https://orenburg.hh.ru/vacancy/51325536	50000.0	55000.0	руб.	hh.ru
348	Data Integration Engineer	https://orenburg.hh.ru/vacancy/51179847				hh.ru
349	Преподаватель курса python для разработчиков микроэлектроники	https://orenburg.hh.ru/vacancy/49251161	86500.0	86500.0	руб.	hh.ru
350	Программист Python / Bash	https://orenburg.hh.ru/vacancy/51493055				hh.ru
351	Программист Python	https://orenburg.hh.ru/vacancy/50395543	115000.0	220000.0	руб.	hh.ru
352	Python‑разработчик	https://orenburg.hh.ru/vacancy/51465728				hh.ru
353	Middle Developer (Python)	https://orenburg.hh.ru/vacancy/51639817				hh.ru
354	Python Developer (SEO Team)	https://orenburg.hh.ru/vacancy/50879163				hh.ru
355	Data Scientist в команду Navi	https://orenburg.hh.ru/vacancy/51188178				hh.ru
356	Data Scientist	https://orenburg.hh.ru/vacancy/50676481				hh.ru
357	Data Scientist	https://orenburg.hh.ru/vacancy/49531816				hh.ru
358	ML; NLP инженер	https://orenburg.hh.ru/vacancy/50533434				hh.ru
359	Middle Python / Golang developer	https://orenburg.hh.ru/vacancy/51617308				hh.ru
360	Python Developer	https://orenburg.hh.ru/vacancy/50323338				hh.ru
361	Backend разработчик Python	https://orenburg.hh.ru/vacancy/51726788				hh.ru
362	Python разработчик (middle/senior)	https://orenburg.hh.ru/vacancy/43961654				hh.ru
363	Data Scientist (Речевая аналитика)	https://orenburg.hh.ru/vacancy/51466417				hh.ru
364	Стажер-разработчик бэкенда	https://orenburg.hh.ru/vacancy/51501707				hh.ru
365	Data Analyst	https://orenburg.hh.ru/vacancy/50365221		180000.0	руб.	hh.ru
366	Senior Research Engineer	https://orenburg.hh.ru/vacancy/46571658	230000.0	300000.0	руб.	hh.ru
367	Инженер-программист (middle)	https://orenburg.hh.ru/vacancy/51720655		120000.0	руб.	hh.ru
368	Python разработчик	https://orenburg.hh.ru/vacancy/51482343				hh.ru
369	Middle/Senior Python разработчик	https://orenburg.hh.ru/vacancy/50746776				hh.ru
370	Senior Data Scientist ( Computer Vision )	https://orenburg.hh.ru/vacancy/50946324				hh.ru
371	Junior Developer (Salesforce)	https://orenburg.hh.ru/vacancy/50728924	50000.0	100000.0	руб.	hh.ru
372	Machine Learning Engineer	https://orenburg.hh.ru/vacancy/51421978	4000.0	5500.0	EUR	hh.ru
373	Senior Software Engineer; Infrastructure (Private Cloud)	https://orenburg.hh.ru/vacancy/51322513		8000.0	USD	hh.ru
374	Исследователь-разработчик на Python | Яндекс.Толока	https://orenburg.hh.ru/vacancy/47448619				hh.ru
375	Аналитик второй линии поддержки	https://orenburg.hh.ru/vacancy/50968960		65000.0	руб.	hh.ru
376	Стажер Data Scientist / Computer Vision	https://orenburg.hh.ru/vacancy/51417154				hh.ru
377	Big Data Engineer (Yellow Team)	https://orenburg.hh.ru/vacancy/49218761		200000.0	руб.	hh.ru
378	Senior Python Dev	https://orenburg.hh.ru/vacancy/43600813				hh.ru
379	Backend developer (Middle; Senior)	https://orenburg.hh.ru/vacancy/50435224		250000.0	руб.	hh.ru
380	JS/Python разработчик	https://orenburg.hh.ru/vacancy/50675251				hh.ru
381	Data Scientist в СберМаркет [команда поиска]	https://orenburg.hh.ru/vacancy/50883995				hh.ru
382	Разработчик Python/Django	https://orenburg.hh.ru/vacancy/51358610	90000.0	150000.0	руб.	hh.ru
383	Преподаватель по программированию для детей Unity (C#); Python; Scratch; Roblox Studio; Minecraft	https://orenburg.hh.ru/vacancy/50994689	15000.0	50000.0	руб.	hh.ru
384	Стажер-системный инженер (SRE)	https://orenburg.hh.ru/vacancy/51847660				hh.ru
385	ML; NLP инженер	https://orenburg.hh.ru/vacancy/45718872				hh.ru
386	Data Engineer	https://orenburg.hh.ru/vacancy/51787048				hh.ru
387	Data Scientist	https://orenburg.hh.ru/vacancy/51830097		50000.0	руб.	hh.ru
388	Python-разработчик в Цифровые поверхности Салют (направление B2B2C)	https://orenburg.hh.ru/vacancy/41032029				hh.ru
389	Автотестировщик Python	https://orenburg.hh.ru/vacancy/51501939				hh.ru
390	DataOps/Data Engineer	https://orenburg.hh.ru/vacancy/49921826				hh.ru
391	Python-разработчик (Middle+/Senior Python Developer)	https://orenburg.hh.ru/vacancy/51343802	250000.0	400000.0	руб.	hh.ru
392	Python разработчик	https://orenburg.hh.ru/vacancy/48570014				hh.ru
393	Golang/Python-разработчик в PSP	https://orenburg.hh.ru/vacancy/51804130				hh.ru
394	Python-разработчик в Лавку	https://orenburg.hh.ru/vacancy/51428890				hh.ru
395	Machine Learning Engineer	https://orenburg.hh.ru/vacancy/51421979	4000.0	5500.0	EUR	hh.ru
396	Senior Python developer	https://orenburg.hh.ru/vacancy/51592146		5500.0	USD	hh.ru
397	Младший инженер-разработчик (Junior Python Developer)	https://orenburg.hh.ru/vacancy/49229994				hh.ru
398	Software Engineer (remote)	https://orenburg.hh.ru/vacancy/50719912	4000.0	6000.0	USD	hh.ru
399	Python backend developer (middle)	https://orenburg.hh.ru/vacancy/49247949				hh.ru
400	Программист Python	https://orenburg.hh.ru/vacancy/51403049				hh.ru
401	Fullstack Python Developer	https://orenburg.hh.ru/vacancy/48025963				hh.ru
402	Аналитик в отдел роботизации	https://orenburg.hh.ru/vacancy/50890496				hh.ru
403	Разработчик Python	https://orenburg.hh.ru/vacancy/46692455				hh.ru
404	DevOps Engineer with AWS (Удаленно)	https://orenburg.hh.ru/vacancy/50703432		4000.0	USD	hh.ru
405	Senior python developer	https://orenburg.hh.ru/vacancy/50583642				hh.ru
406	Data Engineer	https://orenburg.hh.ru/vacancy/49760986				hh.ru
407	Devops инженер	https://orenburg.hh.ru/vacancy/51056563		150000.0	руб.	hh.ru
408	Tech Lead Data Analyst	https://orenburg.hh.ru/vacancy/50738926		200000.0	руб.	hh.ru
409	Разработчик в тестировании/SDET (Java/Python)	https://orenburg.hh.ru/vacancy/51789960				hh.ru
410	Data engineer (удаленно)	https://orenburg.hh.ru/vacancy/48095633				hh.ru
411	Fullstack Python разработчик: Django; bootstrap; SQL; контроль доступа	https://orenburg.hh.ru/vacancy/50821143				hh.ru
412	Python разработчик middle\senior (outstaff)	https://orenburg.hh.ru/vacancy/51403864		350000.0	руб.	hh.ru
413	Junior C++ разработчик алгоритмов геометрического моделирования	https://orenburg.hh.ru/vacancy/50728758	40000.0	70000.0	руб.	hh.ru
414	Python разработчик	https://orenburg.hh.ru/vacancy/51503752				hh.ru
415	Data Scientist	https://orenburg.hh.ru/vacancy/51774155	1000.0	3000.0	USD	hh.ru
416	Разработчик	https://orenburg.hh.ru/vacancy/51200595				hh.ru
417	Python-разработчик в Цифровые поверхности Салют (платформа монетизации видеоконтента)	https://orenburg.hh.ru/vacancy/49283810				hh.ru
418	Junior BigData developer (Стажер)	https://orenburg.hh.ru/vacancy/51420297				hh.ru
419	Backend developer (Middle/Senior)	https://orenburg.hh.ru/vacancy/50331034	250000.0	300000.0	руб.	hh.ru
420	Дата инженер (Data engineer) Управление модельных рисков и валидации	https://orenburg.hh.ru/vacancy/47648003				hh.ru
421	Senior Python Developer	https://orenburg.hh.ru/vacancy/51258828				hh.ru
422	Data Analyst (GameDev)	https://orenburg.hh.ru/vacancy/50791296				hh.ru
423	Data Analyst	https://orenburg.hh.ru/vacancy/50935893				hh.ru
424	Python/Go-разработчик в Биллинг	https://orenburg.hh.ru/vacancy/51804102				hh.ru
425	Разработчик на Pуthon Back-end	https://orenburg.hh.ru/vacancy/49580704				hh.ru
426	Big Data Engineer; Ozon Express	https://orenburg.hh.ru/vacancy/50655165				hh.ru
427	DevOps инженер	https://orenburg.hh.ru/vacancy/51021778	200000.0	380000.0	руб.	hh.ru
428	Аналитик (Data Science)	https://orenburg.hh.ru/vacancy/51466580				hh.ru
429	Senior Python разработчик	https://orenburg.hh.ru/vacancy/51499087				hh.ru
430	Back-end разработчик/Back-end developer	https://orenburg.hh.ru/vacancy/50893944		100000.0	руб.	hh.ru
431	Python Middle+ разработчик	https://orenburg.hh.ru/vacancy/50525122	100000.0	200000.0	руб.	hh.ru
432	Python разработчик (Middle / Senior)	https://orenburg.hh.ru/vacancy/51409877				hh.ru
433	Разработчик в тестировании/SDET (Java/Python)	https://orenburg.hh.ru/vacancy/51789959				hh.ru
434	Преподаватель Python для детей	https://orenburg.hh.ru/vacancy/50804036				hh.ru
435	Senior/Middle Computer Vision Engineer в нейро-тех стартап	https://orenburg.hh.ru/vacancy/50774930				hh.ru
436	Middle Python Developer (удаленно)	https://orenburg.hh.ru/vacancy/51318031	180000.0	280000.0	руб.	hh.ru
437	Backend Разработчик (Стажёр) на Ruby on Rails	https://orenburg.hh.ru/vacancy/49533841				hh.ru
438	Разработчик ETL	https://orenburg.hh.ru/vacancy/48958803				hh.ru
439	DevOps-инженер	https://orenburg.hh.ru/vacancy/50998179		160000.0	руб.	hh.ru
440	Разработчик python (junior)	https://orenburg.hh.ru/vacancy/51277338		50000.0	руб.	hh.ru
441	Data Scientist в СберМаркет [команда поиска]	https://orenburg.hh.ru/vacancy/50883996				hh.ru
442	Machine learning developer/Data Science	https://orenburg.hh.ru/vacancy/49504733				hh.ru
443	Senior Python developer	https://orenburg.hh.ru/vacancy/50202740	1500.0	2300.0	EUR	hh.ru
444	Python разработчик (проекты)	https://orenburg.hh.ru/vacancy/49755349				hh.ru
445	Разработчик в тестировании/SDET (Java/Python)	https://orenburg.hh.ru/vacancy/51789963				hh.ru
446	Стажер IT (нагрузочное тестирование)	https://orenburg.hh.ru/vacancy/51400067	40000.0	45000.0	руб.	hh.ru
447	Python developer (Quantitative analysis team)	https://orenburg.hh.ru/vacancy/48571707				hh.ru
448	DWH Developer	https://orenburg.hh.ru/vacancy/51655295		150000.0	руб.	hh.ru
449	Product/Data Analyst (Junior)	https://orenburg.hh.ru/vacancy/51710413		1000.0	USD	hh.ru
450	Senior QA / Ручной тестировщик	https://orenburg.hh.ru/vacancy/51108927		280000.0	руб.	hh.ru
451	QA Engineer со знанием английского языка	https://orenburg.hh.ru/vacancy/51256467	130000.0	300000.0	руб.	hh.ru
452	Python Developer (for Big Data training)	https://orenburg.hh.ru/vacancy/48913589				hh.ru
453	Middle/Senior Python-разработчик в команду Добычи данных	https://orenburg.hh.ru/vacancy/47616456				hh.ru
454	"Проверяющий преподаватель по курсу ""Python Advanced"""	https://orenburg.hh.ru/vacancy/49414096				hh.ru
455	Ведущий Python разработчик	https://orenburg.hh.ru/vacancy/47910445	200000.0	350000.0	руб.	hh.ru
456	Разработчик Python	https://orenburg.hh.ru/vacancy/49728072				hh.ru
457	Программист Python	https://orenburg.hh.ru/vacancy/49933119		60000.0	руб.	hh.ru
458	Программист Python	https://orenburg.hh.ru/vacancy/46252392	110000.0	110000.0	руб.	hh.ru
459	Python Developer в Cybersecurity	https://orenburg.hh.ru/vacancy/51362209		125000.0	руб.	hh.ru
460	Разработчик ETL / Data Engineer	https://orenburg.hh.ru/vacancy/50450012				hh.ru
461	ETL-разработчик	https://orenburg.hh.ru/vacancy/45504560				hh.ru
462	Разработчик Python/C++ в отдел тестирования (SDET)	https://orenburg.hh.ru/vacancy/47864417				hh.ru
463	Python developer	https://orenburg.hh.ru/vacancy/51255461	3500.0	5000.0	USD	hh.ru
464	Big Data Engineer; Ozon Express	https://orenburg.hh.ru/vacancy/50655163				hh.ru
465	Senior ML Engineer (ASR)	https://orenburg.hh.ru/vacancy/51216979	4000.0	5000.0	USD	hh.ru
466	Big Data Engineer; Ozon Express	https://orenburg.hh.ru/vacancy/50655166				hh.ru
467	Программист-разработчик Python	https://orenburg.hh.ru/vacancy/51422558				hh.ru
468	Python программист (MaxPatrol 10)	https://orenburg.hh.ru/vacancy/51402068				hh.ru
469	TeamLead Python в Цифровые поверхности Салют (направление SmartApp)	https://orenburg.hh.ru/vacancy/41058653				hh.ru
470	Data Scientist	https://orenburg.hh.ru/vacancy/48500730				hh.ru
471	Senior developer Python (работа с данными)	https://orenburg.hh.ru/vacancy/49250864				hh.ru
472	Python Developer	https://orenburg.hh.ru/vacancy/51362211		125000.0	руб.	hh.ru
473	Senior Python Developer	https://orenburg.hh.ru/vacancy/42615019				hh.ru
474	Разработчик Python	https://orenburg.hh.ru/vacancy/51189383				hh.ru
475	DevOps инженер-стажер	https://orenburg.hh.ru/vacancy/51480927				hh.ru
476	Разработчик ETL / Data Engineer	https://orenburg.hh.ru/vacancy/50450009				hh.ru
477	Engineer QA Automation (Python)	https://orenburg.hh.ru/vacancy/51670455				hh.ru
478	Python developer (senior)	https://orenburg.hh.ru/vacancy/49467674				hh.ru
479	Data Science / Machine Learning Engineer	https://orenburg.hh.ru/vacancy/51440323				hh.ru
480	Data Scientist / Аналитик Data Science	https://orenburg.hh.ru/vacancy/48709110				hh.ru
481	Аналитик ML	https://orenburg.hh.ru/vacancy/51678905				hh.ru
482	Программист Python	https://orenburg.hh.ru/vacancy/40658063				hh.ru
483	Data Engineer в команду Развития и Поддержки	https://orenburg.hh.ru/vacancy/51844379				hh.ru
484	Data Engineer	https://orenburg.hh.ru/vacancy/49102138				hh.ru
485	Python backend разработчик (Django)	https://orenburg.hh.ru/vacancy/49649299				hh.ru
486	Middle Python Developer (удаленно)	https://orenburg.hh.ru/vacancy/51317962	180000.0	280000.0	руб.	hh.ru
487	Senior Python Developer	https://orenburg.hh.ru/vacancy/51258831				hh.ru
488	QA Automation Python Engineer	https://orenburg.hh.ru/vacancy/51504726				hh.ru
489	Data Scientist	https://orenburg.hh.ru/vacancy/50536231				hh.ru
490	Тестировщик (стажер)	https://orenburg.hh.ru/vacancy/51365878				hh.ru
491	Backend разработчик (Python)	https://orenburg.hh.ru/vacancy/51354620	200000.0	220000.0	руб.	hh.ru
492	Python Developer / Support Engineer	https://orenburg.hh.ru/vacancy/51504604				hh.ru
493	Младший Python разработчик	https://orenburg.hh.ru/vacancy/51204863		65000.0	руб.	hh.ru
494	Senior Python Developer	https://orenburg.hh.ru/vacancy/51258829				hh.ru
495	Data Engineer	https://orenburg.hh.ru/vacancy/48958930				hh.ru
496	Senior Python Engineer	https://orenburg.hh.ru/vacancy/51643319				hh.ru
497	Data Engineer	https://orenburg.hh.ru/vacancy/51712699				hh.ru
498	Junior Bi Analyst	https://orenburg.hh.ru/vacancy/49612639				hh.ru
499	Middle/Senior Data Analyst (Remote)	https://orenburg.hh.ru/vacancy/48137289				hh.ru
500	Middle QA automation engineer/ инженер по тестированию	https://orenburg.hh.ru/vacancy/50754433		150000.0	руб.	hh.ru
501	Python Developer (Mogilev)	https://orenburg.hh.ru/vacancy/41193533				hh.ru
502	Python разработчик	https://orenburg.hh.ru/vacancy/51227553		180000.0	руб.	hh.ru
503	Middle/Senior Python-разработчик в команду Добычи данных	https://orenburg.hh.ru/vacancy/47616457				hh.ru
504	Инженер - программист С++/Python (middle)	https://orenburg.hh.ru/vacancy/46301968				hh.ru
505	Python Developer; PowerStore Engineering; CEE	https://orenburg.hh.ru/vacancy/51639836				hh.ru
506	Тестировщик / Ведущий тестировщик (Python)	https://orenburg.hh.ru/vacancy/50566935				hh.ru
507	Senior Data Analyst	https://orenburg.hh.ru/vacancy/41124052				hh.ru
508	Middle/Senior Data Analyst (Remote)	https://orenburg.hh.ru/vacancy/48137291				hh.ru
509	Data Scientist в СберМаркет [команда поиска]	https://orenburg.hh.ru/vacancy/50883997				hh.ru
510	Python разработчик (Middle/Senior)	https://orenburg.hh.ru/vacancy/51501885				hh.ru
511	Middle/Senior Python-разработчик в команду Добычи данных	https://orenburg.hh.ru/vacancy/47616454				hh.ru
512	Преподаватель онлайн-школы программирования для подростков	https://orenburg.hh.ru/vacancy/50408396				hh.ru
513	Программист Python	https://orenburg.hh.ru/vacancy/46252402	110000.0	110000.0	руб.	hh.ru
514	Разработчик python (Middle/Senior)	https://orenburg.hh.ru/vacancy/51835886				hh.ru
515	Инженер-программист (Gamedev)	https://orenburg.hh.ru/vacancy/51177261				hh.ru
516	ML - engineer	https://orenburg.hh.ru/vacancy/49413060				hh.ru
517	Senior Python Developer	https://orenburg.hh.ru/vacancy/51258830				hh.ru
518	Data Analyst	https://orenburg.hh.ru/vacancy/51055696				hh.ru
519	Python разработчик	https://orenburg.hh.ru/vacancy/51278080	60000.0	200000.0	руб.	hh.ru
520	AQA Engineer / SDET (Python) at Orca Security	https://orenburg.hh.ru/vacancy/50867158				hh.ru
521	Senior Python Developer	https://orenburg.hh.ru/vacancy/51258833				hh.ru
522	Data Engineer (Senior)	https://orenburg.hh.ru/vacancy/51361166	350000.0	500000.0	руб.	hh.ru
523	С++ / Python developer (Simulator)	https://orenburg.hh.ru/vacancy/50617134				hh.ru
524	ServiceNow Academy (intern)	https://orenburg.hh.ru/vacancy/50656279				hh.ru
525	Middle / Senior Python Developer for AlmaLinux [Remote]	https://orenburg.hh.ru/vacancy/49145179				hh.ru
526	Ведущий Python-developer	https://orenburg.hh.ru/vacancy/51240931	220000.0	340000.0	руб.	hh.ru
527	Программист Python	https://orenburg.hh.ru/vacancy/49916660		250000.0	руб.	hh.ru
528	Senior Python developer (office/remote)	https://orenburg.hh.ru/vacancy/50856154				hh.ru
529	Middle Python-разработчик	https://orenburg.hh.ru/vacancy/49627018				hh.ru
530	Middle/Senior QA Automation Engineer (Python)	https://orenburg.hh.ru/vacancy/47174810		250000.0	руб.	hh.ru
531	Data scientist / Machine learning engineer (команда Рекомендаций и Машинного обучения)	https://orenburg.hh.ru/vacancy/51364642				hh.ru
532	Data Scientist (Computer Vision) Middle	https://orenburg.hh.ru/vacancy/47765653	180000.0	300000.0	руб.	hh.ru
533	Data Analyst	https://orenburg.hh.ru/vacancy/50951578				hh.ru
534	Senior python developer (Feedback team)	https://orenburg.hh.ru/vacancy/51628774				hh.ru
535	Middle / Senior Python Developer for AlmaLinux [Remote]	https://orenburg.hh.ru/vacancy/49145145				hh.ru
536	Разработчик в группу Intelligent Automation and Robotic Process Automation	https://orenburg.hh.ru/vacancy/45707921				hh.ru
537	Cloud Python Engineer	https://orenburg.hh.ru/vacancy/51643351				hh.ru
538	Senior C++ developer	https://orenburg.hh.ru/vacancy/43032969		200000.0	руб.	hh.ru
539	Python-разработчик	https://orenburg.hh.ru/vacancy/51353172				hh.ru
540	Программист-разработчик	https://orenburg.hh.ru/vacancy/50716940		150000.0	руб.	hh.ru
541	Data Analyst	https://orenburg.hh.ru/vacancy/49725357				hh.ru
542	Middle QA Engineer / Тестировщик	https://orenburg.hh.ru/vacancy/51660616		170000.0	руб.	hh.ru
543	Python Developer (remote)	https://orenburg.hh.ru/vacancy/51270833	160000.0	160000.0	руб.	hh.ru
544	ETL/BI junior разработчик	https://orenburg.hh.ru/vacancy/50018504				hh.ru
545	Junior QA Automation Engineer	https://orenburg.hh.ru/vacancy/51194865				hh.ru
546	Python Developer	https://orenburg.hh.ru/vacancy/51494127				hh.ru
547	Разработчик АБС	https://orenburg.hh.ru/vacancy/50229144	150000.0	150000.0	руб.	hh.ru
548	Аналитик данных	https://orenburg.hh.ru/vacancy/42218111				hh.ru
549	Data Scientist (middle)	https://orenburg.hh.ru/vacancy/50442895	200000.0	200000.0	руб.	hh.ru
550	Риск-менеджер/Junior data analyst	https://orenburg.hh.ru/vacancy/51239785				hh.ru
551	Специалист по автоматизированному тестированию / Automation QA	https://orenburg.hh.ru/vacancy/48533270				hh.ru
552	Middle/Senior QA Automation Engineer (Python)	https://orenburg.hh.ru/vacancy/43394113		250000.0	руб.	hh.ru
553	Разработчик компьютерного зрения (С/C++; Python)	https://orenburg.hh.ru/vacancy/49843789				hh.ru
554	Мiddle Fullstack developer на python	https://orenburg.hh.ru/vacancy/51212165	4000.0	6000.0	USD	hh.ru
555	Специалист технической поддержки по направлению Java на Хекслете	https://orenburg.hh.ru/vacancy/50817435				hh.ru
556	Python разработчик (B2B-продукты)	https://orenburg.hh.ru/vacancy/49755455				hh.ru
557	Linux разработчик/программист	https://orenburg.hh.ru/vacancy/50956002		250000.0	руб.	hh.ru
558	Python разработчик в Яндекс.Вертикали|CM.Expert	https://orenburg.hh.ru/vacancy/48404432				hh.ru
559	Backend Python/Rust/Go разработчик	https://orenburg.hh.ru/vacancy/50597910				hh.ru
560	Python Developer (Middle)	https://orenburg.hh.ru/vacancy/51266849				hh.ru
561	Data Engineer	https://orenburg.hh.ru/vacancy/45111090				hh.ru
562	Data Scientist	https://orenburg.hh.ru/vacancy/51500753				hh.ru
563	Backend Middle Python Developer	https://orenburg.hh.ru/vacancy/39266383				hh.ru
564	Разработчик на С++/Python в Яндекс.Маршрутизацию	https://orenburg.hh.ru/vacancy/50892846				hh.ru
565	DevOps Engineer	https://orenburg.hh.ru/vacancy/49052243		2000.0	EUR	hh.ru
566	Data engineer	https://orenburg.hh.ru/vacancy/51360856				hh.ru
567	Data-analyst	https://orenburg.hh.ru/vacancy/50398480				hh.ru
568	Программист (Python)	https://orenburg.hh.ru/vacancy/46694196				hh.ru
569	DevOps Engineer	https://orenburg.hh.ru/vacancy/50729016		250000.0	руб.	hh.ru
570	Middle .NetCore разработчик	https://orenburg.hh.ru/vacancy/50744637		230000.0	руб.	hh.ru
571	Data scientist	https://orenburg.hh.ru/vacancy/50752857				hh.ru
572	Python Developer	https://orenburg.hh.ru/vacancy/51437992				hh.ru
573	Аналитик	https://orenburg.hh.ru/vacancy/51006215				hh.ru
574	Преподаватель по языку Python	https://orenburg.hh.ru/vacancy/51190908				hh.ru
575	Python Backend Engineer	https://orenburg.hh.ru/vacancy/51203023		400000.0	руб.	hh.ru
576	Infrastructure Engineer (DevOps)	https://orenburg.hh.ru/vacancy/51845472		70000.0	руб.	hh.ru
577	Senior Python developer	https://orenburg.hh.ru/vacancy/50924164				hh.ru
578	Data-analyst	https://orenburg.hh.ru/vacancy/50703247				hh.ru
579	Разработчик SQL	https://orenburg.hh.ru/vacancy/51718345				hh.ru
580	Разработчик ETL / Data Engineer	https://orenburg.hh.ru/vacancy/50450013				hh.ru
581	Product / Data Analyst (Middle)	https://orenburg.hh.ru/vacancy/50801936				hh.ru
582	Разработчик python (Middle/Senior)	https://orenburg.hh.ru/vacancy/51835886				hh.ru
583	Python-разработчик (Добро)	https://orenburg.hh.ru/vacancy/51209355				hh.ru
584	Ведущий разработчик Python (Lead)	https://orenburg.hh.ru/vacancy/47122311				hh.ru
585	Machine learning developer/Data Science	https://orenburg.hh.ru/vacancy/49504733				hh.ru
586	Разработчик Python; С++	https://orenburg.hh.ru/vacancy/51391946				hh.ru
587	Product / Data Analyst (Middle)	https://orenburg.hh.ru/vacancy/50801934				hh.ru
588	ML engineer	https://orenburg.hh.ru/vacancy/51644771				hh.ru
589	Преподаватель по программированию для детей Unity (C#); Python; Scratch; Roblox Studio; Minecraft	https://orenburg.hh.ru/vacancy/50994689	15000.0	50000.0	руб.	hh.ru
590	Back-End Python Developer	https://orenburg.hh.ru/vacancy/51242811				hh.ru
591	Data scientist	https://orenburg.hh.ru/vacancy/50329104				hh.ru
592	Python Developer / BI Team (Limassol)	https://orenburg.hh.ru/vacancy/50790579				hh.ru
593	Младший Python разработчик / Junior Python Developer (Back-end)	https://orenburg.hh.ru/vacancy/46797297				hh.ru
594	Senior Python Developer for KernelCare team [Remote]	https://orenburg.hh.ru/vacancy/49574188				hh.ru
595	Разработчик ETL / Data Engineer	https://orenburg.hh.ru/vacancy/50450011				hh.ru
596	Backend-разработчик (удаленная работа)	https://orenburg.hh.ru/vacancy/51485623	80000.0	140000.0	руб.	hh.ru
597	Senior Python Developer for KernelCare team [Remote]	https://orenburg.hh.ru/vacancy/49574064				hh.ru
598	Senior Software Engineer; Infrastructure	https://orenburg.hh.ru/vacancy/50485167		8000.0	USD	hh.ru
599	Cloud Python Engineer	https://orenburg.hh.ru/vacancy/51643351				hh.ru
600	Разработчик в тестировании/SDET (Java/Python)	https://orenburg.hh.ru/vacancy/51789961				hh.ru
601	Python Developer	https://orenburg.hh.ru/vacancy/46826981				hh.ru
602	Game Analyst (Product Analyst)	https://orenburg.hh.ru/vacancy/50344207				hh.ru
603	Разработчик Python	https://orenburg.hh.ru/vacancy/47382594				hh.ru
604	Data Engineer (Инженер по данным)	https://orenburg.hh.ru/vacancy/51623342				hh.ru
605	Python Developer / BI Team (Limassol)	https://orenburg.hh.ru/vacancy/50790579				hh.ru
606	AI-инженер	https://orenburg.hh.ru/vacancy/49071307	600000.0	1300000.0	KZT	hh.ru
607	Junior разработчик Django (Python; HTML; JS; CSS)	https://orenburg.hh.ru/vacancy/51170449	30000.0	60000.0	руб.	hh.ru
608	Программист C# / java / python	https://orenburg.hh.ru/vacancy/51232509		70000.0	руб.	hh.ru
609	Программист C/С++	https://orenburg.hh.ru/vacancy/50754284		150000.0	руб.	hh.ru
610	Python Team Lead	https://orenburg.hh.ru/vacancy/49162369				hh.ru
611	Data scientist	https://orenburg.hh.ru/vacancy/51390492				hh.ru
612	QA Automation Engineer	https://orenburg.hh.ru/vacancy/50854908		250000.0	руб.	hh.ru
613	Mid Python Software Engineer	https://orenburg.hh.ru/vacancy/50812947				hh.ru
614	Разработчик ETL	https://orenburg.hh.ru/vacancy/50062793				hh.ru
615	Data Scientist	https://orenburg.hh.ru/vacancy/51684942				hh.ru
616	QA engineer / QA инженер (auto/manual)	https://orenburg.hh.ru/vacancy/50989002		180000.0	руб.	hh.ru
617	Senior Python developer	https://orenburg.hh.ru/vacancy/43455147	200000.0	250000.0	руб.	hh.ru
618	Data Engineer	https://orenburg.hh.ru/vacancy/51285757				hh.ru
619	Data Scientist	https://orenburg.hh.ru/vacancy/50530303				hh.ru
620	Senior/Lead Data Analyst	https://orenburg.hh.ru/vacancy/50768330				hh.ru
621	Разработчик ПО под Linux	https://orenburg.hh.ru/vacancy/51497546	80000.0	120000.0	руб.	hh.ru
622	Аналитик (Data science)	https://orenburg.hh.ru/vacancy/51019102		50000.0	руб.	hh.ru
623	Data Science Internship	https://orenburg.hh.ru/vacancy/51288031		35000.0	руб.	hh.ru
624	Стажер (Машинное Обучение) Аудио	https://orenburg.hh.ru/vacancy/50341747	20000.0	45000.0	руб.	hh.ru
625	Senior Python Developer for KernelCare team [Remote]	https://orenburg.hh.ru/vacancy/49574103				hh.ru
626	QA Engineer	https://orenburg.hh.ru/vacancy/50645177	40000.0	80000.0	руб.	hh.ru
627	Стажер-системный инженер (SRE)	https://orenburg.hh.ru/vacancy/51847661				hh.ru
628	Senior Python Developer	https://orenburg.hh.ru/vacancy/50094015	230000.0	350000.0	руб.	hh.ru
629	Senior Data Scientist	https://orenburg.hh.ru/vacancy/48136307				hh.ru
630	"Наставник на курс ""Инженер по тестированию"""	https://orenburg.hh.ru/vacancy/50889183				hh.ru
631	Преподаватель Программирования Python (Yandex лицей)	https://orenburg.hh.ru/vacancy/44275861				hh.ru
632	ML engineer	https://orenburg.hh.ru/vacancy/51644771				hh.ru
633	DevOps Engineer	https://orenburg.hh.ru/vacancy/51218883	6000.0	8000.0	USD	hh.ru
634	Python Developer	https://orenburg.hh.ru/vacancy/51362212		125000.0	руб.	hh.ru
635	Разработчик (Machine Learning)	https://orenburg.hh.ru/vacancy/48173021				hh.ru
636	Middle Python Developer for CloudLinux OS [Remote]	https://orenburg.hh.ru/vacancy/46052391				hh.ru
637	Automation QA Engineer	https://orenburg.hh.ru/vacancy/51195497		110000.0	руб.	hh.ru
638	DevOps Инженер	https://orenburg.hh.ru/vacancy/50928027	150000.0	200000.0	руб.	hh.ru
639	Data scientist	https://orenburg.hh.ru/vacancy/50329104				hh.ru
640	"Наставник на курс ""Инженер по тестированию"""	https://orenburg.hh.ru/vacancy/50889184				hh.ru
641	Rust Developer	https://orenburg.hh.ru/vacancy/49554809		3000.0	USD	hh.ru
642	ML Engineer	https://orenburg.hh.ru/vacancy/51705458				hh.ru
643	Senior DevOps Engineer	https://orenburg.hh.ru/vacancy/50011146	3000.0	5000.0	USD	hh.ru
644	Младший программист Python	https://orenburg.hh.ru/vacancy/51086532		150000.0	руб.	hh.ru
645	Rust Developer	https://orenburg.hh.ru/vacancy/49052237		2000.0	EUR	hh.ru
646	DWH Developer (middle)	https://orenburg.hh.ru/vacancy/50339342	1000.0	3000.0	USD	hh.ru
647	Computer Vision Engineer	https://orenburg.hh.ru/vacancy/51361271				hh.ru
648	Программист-аналитик Python	https://orenburg.hh.ru/vacancy/49250843				hh.ru
649	Разработчик бекенд	https://orenburg.hh.ru/vacancy/50751835				hh.ru
650	Full-stack developer with JS/Python	https://orenburg.hh.ru/vacancy/50567512				hh.ru
651	Gameplay Programmer	https://orenburg.hh.ru/vacancy/49844810				hh.ru
652	Senior Python Developer for KernelCare team [Remote]	https://orenburg.hh.ru/vacancy/49574188				hh.ru
653	Инженер-программист	https://orenburg.hh.ru/vacancy/50766030				hh.ru
654	Backend developer	https://orenburg.hh.ru/vacancy/51718568				hh.ru
655	Product / Data Analyst (Middle)	https://orenburg.hh.ru/vacancy/50801936				hh.ru
656	Стажёр-разработчик автоматизированных тестов	https://orenburg.hh.ru/vacancy/51149709				hh.ru
657	Инженер обеспечения качества (Тестировщик)	https://orenburg.hh.ru/vacancy/51092623				hh.ru
658	Python-разработчик в Яндекс.Услуги	https://orenburg.hh.ru/vacancy/51202667				hh.ru
659	Senior Backend Python Developer команда SpeechKit (MTS AI)	https://orenburg.hh.ru/vacancy/49254587		250000.0	руб.	hh.ru
660	Integration developer (Python)/ удаленно	https://orenburg.hh.ru/vacancy/50685853				hh.ru
661	Инженер-программист	https://orenburg.hh.ru/vacancy/51022802				hh.ru
662	Системный администратор в группу Intelligent Automation and Robotic Process Automation	https://orenburg.hh.ru/vacancy/51789998				hh.ru
663	Программист-разработчик	https://orenburg.hh.ru/vacancy/49433931				hh.ru
664	QA manual and automation Engineer (Platform)	https://orenburg.hh.ru/vacancy/51340342				hh.ru
665	Python developer	https://orenburg.hh.ru/vacancy/51272260				hh.ru
666	Преподаватель по информатике	https://orenburg.hh.ru/vacancy/50683366	275000.0	460000.0	KZT	hh.ru
667	Quality Assurance Engineer	https://orenburg.hh.ru/vacancy/51808939		400000.0	KZT	hh.ru
668	Data Engineer	https://orenburg.hh.ru/vacancy/48784582				hh.ru
669	Руководитель разработки Python	https://orenburg.hh.ru/vacancy/51410121				hh.ru
670	Программист Python	https://orenburg.hh.ru/vacancy/51089770	150000.0	250000.0	руб.	hh.ru
671	QA Engineer (Python)	https://orenburg.hh.ru/vacancy/50504455				hh.ru
672	Team Lead (Golang)	https://orenburg.hh.ru/vacancy/51304591				hh.ru
673	Back-end разработчик (Junior/Middle)	https://orenburg.hh.ru/vacancy/51076113	1000.0	2500.0	USD	hh.ru
674	Python-developer	https://orenburg.hh.ru/vacancy/47546326	90000.0	190000.0	руб.	hh.ru
675	Дата-инженер	https://orenburg.hh.ru/vacancy/51109714	120000.0	200000.0	руб.	hh.ru
676	QA Automation Engineer	https://orenburg.hh.ru/vacancy/50242579	80000.0	140000.0	руб.	hh.ru
677	Системный аналитик	https://orenburg.hh.ru/vacancy/50910824		250000.0	руб.	hh.ru
678	Backend Python Developer	https://orenburg.hh.ru/vacancy/51155038				hh.ru
679	Cпециалист по анализу защищенности (AppSec)	https://orenburg.hh.ru/vacancy/44201367				hh.ru
680	Data Engineer	https://orenburg.hh.ru/vacancy/51055221				hh.ru
681	Преподаватель по информатике	https://orenburg.hh.ru/vacancy/51363082	275000.0	460000.0	KZT	hh.ru
682	Python Backend Developer	https://orenburg.hh.ru/vacancy/51212726				hh.ru
683	Big Data Engineer (PySpark)	https://orenburg.hh.ru/vacancy/48913635				hh.ru
684	Data-инженер/Разработчик DWH	https://orenburg.hh.ru/vacancy/51689020				hh.ru
685	Python developer	https://orenburg.hh.ru/vacancy/51272262				hh.ru
686	DevOps Engineer	https://orenburg.hh.ru/vacancy/49052240		2000.0	EUR	hh.ru
687	Junior+ CV/ML developer	https://orenburg.hh.ru/vacancy/50533416				hh.ru
688	Junior Data Scientist	https://orenburg.hh.ru/vacancy/50243134				hh.ru
689	DevOps Engineer with Python	https://orenburg.hh.ru/vacancy/51276274				hh.ru
690	Программист Python/Java	https://orenburg.hh.ru/vacancy/51412325				hh.ru
691	Python developer (Middle)	https://orenburg.hh.ru/vacancy/50016221				hh.ru
692	Python-разработчик	https://orenburg.hh.ru/vacancy/49250668				hh.ru
693	Analyst (Middle to Senior)	https://orenburg.hh.ru/vacancy/51220594				hh.ru
694	Python-разработчик платежно-финансовых систем	https://orenburg.hh.ru/vacancy/45494856				hh.ru
695	Middle Python Developer for CloudLinux OS [Remote]	https://orenburg.hh.ru/vacancy/46052524				hh.ru
696	Преподаватель онлайн-школы программирования для подростков	https://orenburg.hh.ru/vacancy/50408400				hh.ru
697	QA инженер / Инженер по тестированию ПО	https://orenburg.hh.ru/vacancy/51100669				hh.ru
698	Data Engineer	https://orenburg.hh.ru/vacancy/48500744				hh.ru
699	DevOps инженер	https://orenburg.hh.ru/vacancy/51331719				hh.ru
700	Middle+ Python Developer	https://orenburg.hh.ru/vacancy/50757312				hh.ru
701	Data Engineer	https://orenburg.hh.ru/vacancy/51502041				hh.ru
702	Middle/Senior Python Developer for AlmaLinux [Remote]	https://orenburg.hh.ru/vacancy/49145135				hh.ru
703	Middle/Senior Python Developer for AlmaLinux [Remote]	https://orenburg.hh.ru/vacancy/49145116				hh.ru
704	Python/Go-разработчик в Биллинг	https://orenburg.hh.ru/vacancy/51804101				hh.ru
705	Middle Python Developer for CloudLinux OS [Remote]	https://orenburg.hh.ru/vacancy/46052445				hh.ru
706	Программист Python	https://orenburg.hh.ru/vacancy/51041069		200000.0	руб.	hh.ru
707	Backend разработчик	https://orenburg.hh.ru/vacancy/50739074		90000.0	руб.	hh.ru
708	Middle Python Developer	https://orenburg.hh.ru/vacancy/51111331	100000.0	250000.0	руб.	hh.ru
709	Middle / Senior Python Developer for AlmaLinux [Remote]	https://orenburg.hh.ru/vacancy/49145157				hh.ru
710	QA Specialist	https://orenburg.hh.ru/vacancy/43997643				hh.ru
711	Разработчик в тестировании в команду Compute	https://orenburg.hh.ru/vacancy/49320277				hh.ru
712	Senior QA Automation Engineer (Python)	https://orenburg.hh.ru/vacancy/51256122				hh.ru
713	Senior Python Engineer; Apps Platform	https://orenburg.hh.ru/vacancy/51366335				hh.ru
714	Программист C++	https://orenburg.hh.ru/vacancy/47986442				hh.ru
715	Программист Python/Java	https://orenburg.hh.ru/vacancy/51412323				hh.ru
716	Python разработчик	https://orenburg.hh.ru/vacancy/50606310		230000.0	руб.	hh.ru
717	Python Developer	https://orenburg.hh.ru/vacancy/45064751				hh.ru
718	QA Automation Engineer	https://orenburg.hh.ru/vacancy/49267625		250000.0	руб.	hh.ru
719	Data Engineer	https://orenburg.hh.ru/vacancy/51771345				hh.ru
720	Senior Python Engineer; Apps Platform	https://orenburg.hh.ru/vacancy/51247629				hh.ru
721	Разработчик Python	https://orenburg.hh.ru/vacancy/51037680				hh.ru
722	Разработчик Python (телеком)	https://orenburg.hh.ru/vacancy/51055362				hh.ru
723	QA automation engineer (Selenium WebDriver + Python)/Тестировщик	https://orenburg.hh.ru/vacancy/47358973				hh.ru
724	Data Scientist	https://orenburg.hh.ru/vacancy/51172464				hh.ru
725	Python developer (scraper)	https://orenburg.hh.ru/vacancy/51113363				hh.ru
726	Риск-менеджер/Junior data analyst	https://orenburg.hh.ru/vacancy/51239785				hh.ru
727	Python-разработчик	https://orenburg.hh.ru/vacancy/51037659				hh.ru
728	Data Engineer	https://orenburg.hh.ru/vacancy/48500744				hh.ru
729	Senior Python Backend Developer (Remote)	https://orenburg.hh.ru/vacancy/50635953				hh.ru
730	Python developer	https://orenburg.hh.ru/vacancy/51044884	170000.0	200000.0	руб.	hh.ru
731	DevOps инженер-стажер в пилот поддержки YDB	https://orenburg.hh.ru/vacancy/49319604				hh.ru
732	Python-разработчик (Пульс)	https://orenburg.hh.ru/vacancy/51106440				hh.ru
733	DevOps Engineer	https://orenburg.hh.ru/vacancy/49052240		2000.0	EUR	hh.ru
734	Junior Python Developer	https://orenburg.hh.ru/vacancy/50984619		80000.0	руб.	hh.ru
735	QA Automation Engineer	https://orenburg.hh.ru/vacancy/49267625		250000.0	руб.	hh.ru
736	Data Engineer	https://orenburg.hh.ru/vacancy/51038023				hh.ru
737	Senior Python Engineer; Apps Platform	https://orenburg.hh.ru/vacancy/51366335				hh.ru
738	Python Developer (Middle/Senior)	https://orenburg.hh.ru/vacancy/51211977				hh.ru
739	QA Specialist	https://orenburg.hh.ru/vacancy/43997643				hh.ru
740	ML/RL Engineer	https://orenburg.hh.ru/vacancy/48301399				hh.ru
741	Python developer	https://orenburg.hh.ru/vacancy/51044883	170000.0	200000.0	руб.	hh.ru
742	Разработчик Python; С++	https://orenburg.hh.ru/vacancy/51391946				hh.ru
743	Python developer	https://orenburg.hh.ru/vacancy/51044887	170000.0	200000.0	руб.	hh.ru
744	Senior Software Engineer (Python; Go) at Orca Security	https://orenburg.hh.ru/vacancy/50071136				hh.ru
745	Junior специалист Data Science (Python)	https://orenburg.hh.ru/vacancy/51072571				hh.ru
746	Deep Learning RnD Intern (Federated Learning)	https://orenburg.hh.ru/vacancy/49679351				hh.ru
747	Python-разработчик в ModelOps	https://orenburg.hh.ru/vacancy/51019283		160000.0	руб.	hh.ru
748	C++ Gameplay Developer	https://orenburg.hh.ru/vacancy/49503443				hh.ru
749	Python developer	https://orenburg.hh.ru/vacancy/51044886	170000.0	200000.0	руб.	hh.ru
750	Machine Learning Engineer з розвитку моніторингу сервісів Банку	https://orenburg.hh.ru/vacancy/51207641				hh.ru
751	Senior Python Engineer; Apps Platform	https://orenburg.hh.ru/vacancy/51247626				hh.ru
752	Разработчик Python (телеком)	https://orenburg.hh.ru/vacancy/51055362				hh.ru
753	Python developer (remote)	https://orenburg.hh.ru/vacancy/51271341				hh.ru
754	Senior Python Developer (cybersecurity)	https://orenburg.hh.ru/vacancy/49429609	250000.0	350000.0	руб.	hh.ru
755	Senior Python Developer	https://orenburg.hh.ru/vacancy/48815606				hh.ru
756	Senior DevOps Engineer	https://orenburg.hh.ru/vacancy/48681204	3000.0	5000.0	USD	hh.ru
757	Middle/Senior Python Developer for AlmaLinux [Remote]	https://orenburg.hh.ru/vacancy/49145189				hh.ru
758	Ведущий разработчик Python (Lead)	https://orenburg.hh.ru/vacancy/47122311				hh.ru
759	Senior/Middle ML Engineer (cv and speech)	https://orenburg.hh.ru/vacancy/49916928				hh.ru
